{
  "train_loss": [
    0.5642314025988946,
    0.3471653461456299,
    0.21524292345230395,
    0.1691882610321045,
    0.10974238010553214,
    0.08927712618158413,
    0.10475563429869138,
    0.10559506571063629,
    0.0941000426044831,
    0.07824213057756424
  ],
  "train_acc": [
    90.5,
    97.0,
    99.5,
    99.0,
    100.0,
    100.0,
    100.0,
    99.5,
    99.5,
    99.5
  ],
  "val_loss": [
    0.639456644654274,
    0.6109495013952255,
    0.6202175170183182,
    0.6435864567756653,
    0.6346735805273056,
    0.5664090514183044,
    0.48664992302656174,
    0.4147869646549225,
    0.35752730071544647,
    0.3042563125491142
  ],
  "val_acc": [
    50.0,
    50.0,
    50.0,
    50.0,
    50.0,
    52.0,
    64.0,
    72.0,
    82.0,
    94.0
  ]
}